<?xml version="1.0" encoding="UTF-8"?>
 
<!DOCTYPE hibernate-configuration PUBLIC
     "-//Hibernate/Hibernate Configuration DTD 3.0//EN"
    "http://hibernate.sourceforge.net/hibernate-configuration-3.0.dtd">

<hibernate-configuration>
	<session-factory>

		<!-- Paramètres de connexion à la base de données -->
		<property name="hibernate.dialect">org.hibernate.dialect.MySQLDialect</property>
		<property name="hibernate.connection.driver_class">com.mysql.jdbc.Driver</property>
		<property name="hibernate.connection.url">jdbc:mysql://localhost:3306/pfa</property>
		<property name="hibernate.connection.username">root</property>
		<property name="hibernate.connection.password">king-flow</property>

		<!-- Comportement pour la conservation des tables -->
		<property name="hbm2ddl.auto">update</property>

		<!-- Fichiers à mapper -->
		<mapping class="com.pfa.jpa.Analyse" />
		<mapping class="com.pfa.jpa.Client" />
		<mapping class="com.pfa.jpa.ClientPhysique" />
		<mapping class="com.pfa.jpa.ClientMorale" />
		<mapping class="com.pfa.jpa.Docteur" />
		<mapping class="com.pfa.jpa.Paiment" />
		<mapping class="com.pfa.jpa.Personnel" />
		<mapping class="com.pfa.jpa.RendezVous" />
		<mapping class="com.pfa.jpa.User" />
		<mapping class="com.pfa.jpa.ResultatAnalyse" />
		<mapping class="com.pfa.jpa.Secretaire" />
		<mapping class="com.pfa.jpa.Bilan" />
		<mapping class="com.pfa.jpa.Compte" />
		<mapping class="com.pfa.jpa.RendezVous" />
		
		<!-- Affiche les logs SQL -->
		<!-- <property name="show_sql">true</property> -->
		<!-- <property name="hibernate.format_sql">true</property> -->
		<!-- <property name="use_sql_comments">true</property> -->

	</session-factory>
</hibernate-configuration>
